{"meta":{"version":1,"warehouse":"4.0.0"},"models":{"Asset":[{"_id":"node_modules/hexo-theme-landscape/source/css/style.styl","path":"css/style.styl","modified":0,"renderable":1},{"_id":"node_modules/hexo-theme-landscape/source/fancybox/jquery.fancybox.min.css","path":"fancybox/jquery.fancybox.min.css","modified":0,"renderable":1},{"_id":"node_modules/hexo-theme-landscape/source/js/jquery-3.4.1.min.js","path":"js/jquery-3.4.1.min.js","modified":0,"renderable":1},{"_id":"node_modules/hexo-theme-landscape/source/js/script.js","path":"js/script.js","modified":0,"renderable":1},{"_id":"node_modules/hexo-theme-landscape/source/fancybox/jquery.fancybox.min.js","path":"fancybox/jquery.fancybox.min.js","modified":0,"renderable":1},{"_id":"node_modules/hexo-theme-landscape/source/css/fonts/FontAwesome.otf","path":"css/fonts/FontAwesome.otf","modified":0,"renderable":1},{"_id":"node_modules/hexo-theme-landscape/source/css/fonts/fontawesome-webfont.eot","path":"css/fonts/fontawesome-webfont.eot","modified":0,"renderable":1},{"_id":"node_modules/hexo-theme-landscape/source/css/fonts/fontawesome-webfont.svg","path":"css/fonts/fontawesome-webfont.svg","modified":0,"renderable":1},{"_id":"node_modules/hexo-theme-landscape/source/css/fonts/fontawesome-webfont.ttf","path":"css/fonts/fontawesome-webfont.ttf","modified":0,"renderable":1},{"_id":"node_modules/hexo-theme-landscape/source/css/fonts/fontawesome-webfont.woff","path":"css/fonts/fontawesome-webfont.woff","modified":0,"renderable":1},{"_id":"node_modules/hexo-theme-landscape/source/css/fonts/fontawesome-webfont.woff2","path":"css/fonts/fontawesome-webfont.woff2","modified":0,"renderable":1},{"_id":"node_modules/hexo-theme-landscape/source/css/images/banner.jpg","path":"css/images/banner.jpg","modified":0,"renderable":1},{"_id":"themes/cactus/source/css/rtl.styl","path":"css/rtl.styl","modified":0,"renderable":1},{"_id":"themes/cactus/source/css/style.styl","path":"css/style.styl","modified":0,"renderable":1},{"_id":"themes/cactus/source/images/apple-touch-icon.png","path":"images/apple-touch-icon.png","modified":0,"renderable":1},{"_id":"themes/cactus/source/images/favicon-192x192.png","path":"images/favicon-192x192.png","modified":0,"renderable":1},{"_id":"themes/cactus/source/images/favicon.ico","path":"images/favicon.ico","modified":0,"renderable":1},{"_id":"themes/cactus/source/images/logo.png","path":"images/logo.png","modified":0,"renderable":1},{"_id":"themes/cactus/source/js/main.js","path":"js/main.js","modified":0,"renderable":1},{"_id":"themes/cactus/source/js/search.js","path":"js/search.js","modified":0,"renderable":1},{"_id":"themes/cactus/source/lib/clipboard/clipboard.min.js","path":"lib/clipboard/clipboard.min.js","modified":0,"renderable":1},{"_id":"themes/cactus/source/lib/jquery/jquery.min.js","path":"lib/jquery/jquery.min.js","modified":0,"renderable":1},{"_id":"themes/cactus/source/lib/meslo-LG/MesloLGL-Bold.ttf","path":"lib/meslo-LG/MesloLGL-Bold.ttf","modified":0,"renderable":1},{"_id":"themes/cactus/source/lib/meslo-LG/MesloLGL-BoldItalic.ttf","path":"lib/meslo-LG/MesloLGL-BoldItalic.ttf","modified":0,"renderable":1},{"_id":"themes/cactus/source/lib/meslo-LG/MesloLGL-Italic.ttf","path":"lib/meslo-LG/MesloLGL-Italic.ttf","modified":0,"renderable":1},{"_id":"themes/cactus/source/lib/meslo-LG/MesloLGL-Regular.ttf","path":"lib/meslo-LG/MesloLGL-Regular.ttf","modified":0,"renderable":1},{"_id":"themes/cactus/source/lib/meslo-LG/MesloLGM-Bold.ttf","path":"lib/meslo-LG/MesloLGM-Bold.ttf","modified":0,"renderable":1},{"_id":"themes/cactus/source/lib/meslo-LG/MesloLGM-BoldItalic.ttf","path":"lib/meslo-LG/MesloLGM-BoldItalic.ttf","modified":0,"renderable":1},{"_id":"themes/cactus/source/lib/meslo-LG/MesloLGM-Italic.ttf","path":"lib/meslo-LG/MesloLGM-Italic.ttf","modified":0,"renderable":1},{"_id":"themes/cactus/source/lib/meslo-LG/MesloLGM-Regular.ttf","path":"lib/meslo-LG/MesloLGM-Regular.ttf","modified":0,"renderable":1},{"_id":"themes/cactus/source/lib/meslo-LG/MesloLGS-Bold.ttf","path":"lib/meslo-LG/MesloLGS-Bold.ttf","modified":0,"renderable":1},{"_id":"themes/cactus/source/lib/meslo-LG/MesloLGS-BoldItalic.ttf","path":"lib/meslo-LG/MesloLGS-BoldItalic.ttf","modified":0,"renderable":1},{"_id":"themes/cactus/source/lib/meslo-LG/MesloLGS-Italic.ttf","path":"lib/meslo-LG/MesloLGS-Italic.ttf","modified":0,"renderable":1},{"_id":"themes/cactus/source/lib/meslo-LG/MesloLGS-Regular.ttf","path":"lib/meslo-LG/MesloLGS-Regular.ttf","modified":0,"renderable":1},{"_id":"themes/cactus/source/lib/vazir-font/Vazir-Black.eot","path":"lib/vazir-font/Vazir-Black.eot","modified":0,"renderable":1},{"_id":"themes/cactus/source/lib/vazir-font/Vazir-Black.ttf","path":"lib/vazir-font/Vazir-Black.ttf","modified":0,"renderable":1},{"_id":"themes/cactus/source/lib/vazir-font/Vazir-Black.woff","path":"lib/vazir-font/Vazir-Black.woff","modified":0,"renderable":1},{"_id":"themes/cactus/source/lib/vazir-font/Vazir-Black.woff2","path":"lib/vazir-font/Vazir-Black.woff2","modified":0,"renderable":1},{"_id":"themes/cactus/source/lib/vazir-font/Vazir-Bold.eot","path":"lib/vazir-font/Vazir-Bold.eot","modified":0,"renderable":1},{"_id":"themes/cactus/source/lib/vazir-font/Vazir-Bold.ttf","path":"lib/vazir-font/Vazir-Bold.ttf","modified":0,"renderable":1},{"_id":"themes/cactus/source/lib/vazir-font/Vazir-Bold.woff","path":"lib/vazir-font/Vazir-Bold.woff","modified":0,"renderable":1},{"_id":"themes/cactus/source/lib/vazir-font/Vazir-Bold.woff2","path":"lib/vazir-font/Vazir-Bold.woff2","modified":0,"renderable":1},{"_id":"themes/cactus/source/lib/vazir-font/Vazir-Light.eot","path":"lib/vazir-font/Vazir-Light.eot","modified":0,"renderable":1},{"_id":"themes/cactus/source/lib/vazir-font/Vazir-Light.ttf","path":"lib/vazir-font/Vazir-Light.ttf","modified":0,"renderable":1},{"_id":"themes/cactus/source/lib/vazir-font/Vazir-Light.woff","path":"lib/vazir-font/Vazir-Light.woff","modified":0,"renderable":1},{"_id":"themes/cactus/source/lib/vazir-font/Vazir-Light.woff2","path":"lib/vazir-font/Vazir-Light.woff2","modified":0,"renderable":1},{"_id":"themes/cactus/source/lib/vazir-font/Vazir-Medium.eot","path":"lib/vazir-font/Vazir-Medium.eot","modified":0,"renderable":1},{"_id":"themes/cactus/source/lib/vazir-font/Vazir-Medium.ttf","path":"lib/vazir-font/Vazir-Medium.ttf","modified":0,"renderable":1},{"_id":"themes/cactus/source/lib/vazir-font/Vazir-Medium.woff","path":"lib/vazir-font/Vazir-Medium.woff","modified":0,"renderable":1},{"_id":"themes/cactus/source/lib/vazir-font/Vazir-Medium.woff2","path":"lib/vazir-font/Vazir-Medium.woff2","modified":0,"renderable":1},{"_id":"themes/cactus/source/lib/vazir-font/Vazir-Thin.eot","path":"lib/vazir-font/Vazir-Thin.eot","modified":0,"renderable":1},{"_id":"themes/cactus/source/lib/vazir-font/Vazir-Thin.ttf","path":"lib/vazir-font/Vazir-Thin.ttf","modified":0,"renderable":1},{"_id":"themes/cactus/source/lib/vazir-font/Vazir-Thin.woff","path":"lib/vazir-font/Vazir-Thin.woff","modified":0,"renderable":1},{"_id":"themes/cactus/source/lib/vazir-font/Vazir-Thin.woff2","path":"lib/vazir-font/Vazir-Thin.woff2","modified":0,"renderable":1},{"_id":"themes/cactus/source/lib/vazir-font/Vazir.eot","path":"lib/vazir-font/Vazir.eot","modified":0,"renderable":1},{"_id":"themes/cactus/source/lib/vazir-font/Vazir.ttf","path":"lib/vazir-font/Vazir.ttf","modified":0,"renderable":1},{"_id":"themes/cactus/source/lib/vazir-font/Vazir.woff","path":"lib/vazir-font/Vazir.woff","modified":0,"renderable":1},{"_id":"themes/cactus/source/lib/vazir-font/Vazir.woff2","path":"lib/vazir-font/Vazir.woff2","modified":0,"renderable":1},{"_id":"themes/cactus/source/lib/vazir-font/font-face.css","path":"lib/vazir-font/font-face.css","modified":0,"renderable":1},{"_id":"themes/cactus/source/lib/font-awesome/css/all.min.css","path":"lib/font-awesome/css/all.min.css","modified":0,"renderable":1},{"_id":"themes/cactus/source/lib/font-awesome/webfonts/fa-brands-400.eot","path":"lib/font-awesome/webfonts/fa-brands-400.eot","modified":0,"renderable":1},{"_id":"themes/cactus/source/lib/font-awesome/webfonts/fa-brands-400.ttf","path":"lib/font-awesome/webfonts/fa-brands-400.ttf","modified":0,"renderable":1},{"_id":"themes/cactus/source/lib/font-awesome/webfonts/fa-brands-400.svg","path":"lib/font-awesome/webfonts/fa-brands-400.svg","modified":0,"renderable":1},{"_id":"themes/cactus/source/lib/font-awesome/webfonts/fa-brands-400.woff","path":"lib/font-awesome/webfonts/fa-brands-400.woff","modified":0,"renderable":1},{"_id":"themes/cactus/source/lib/font-awesome/webfonts/fa-brands-400.woff2","path":"lib/font-awesome/webfonts/fa-brands-400.woff2","modified":0,"renderable":1},{"_id":"themes/cactus/source/lib/font-awesome/webfonts/fa-regular-400.eot","path":"lib/font-awesome/webfonts/fa-regular-400.eot","modified":0,"renderable":1},{"_id":"themes/cactus/source/lib/font-awesome/webfonts/fa-regular-400.svg","path":"lib/font-awesome/webfonts/fa-regular-400.svg","modified":0,"renderable":1},{"_id":"themes/cactus/source/lib/font-awesome/webfonts/fa-regular-400.ttf","path":"lib/font-awesome/webfonts/fa-regular-400.ttf","modified":0,"renderable":1},{"_id":"themes/cactus/source/lib/font-awesome/webfonts/fa-regular-400.woff","path":"lib/font-awesome/webfonts/fa-regular-400.woff","modified":0,"renderable":1},{"_id":"themes/cactus/source/lib/font-awesome/webfonts/fa-regular-400.woff2","path":"lib/font-awesome/webfonts/fa-regular-400.woff2","modified":0,"renderable":1},{"_id":"themes/cactus/source/lib/font-awesome/webfonts/fa-solid-900.eot","path":"lib/font-awesome/webfonts/fa-solid-900.eot","modified":0,"renderable":1},{"_id":"themes/cactus/source/lib/font-awesome/webfonts/fa-solid-900.svg","path":"lib/font-awesome/webfonts/fa-solid-900.svg","modified":0,"renderable":1},{"_id":"themes/cactus/source/lib/font-awesome/webfonts/fa-solid-900.ttf","path":"lib/font-awesome/webfonts/fa-solid-900.ttf","modified":0,"renderable":1},{"_id":"themes/cactus/source/lib/font-awesome/webfonts/fa-solid-900.woff","path":"lib/font-awesome/webfonts/fa-solid-900.woff","modified":0,"renderable":1},{"_id":"themes/cactus/source/lib/font-awesome/webfonts/fa-solid-900.woff2","path":"lib/font-awesome/webfonts/fa-solid-900.woff2","modified":0,"renderable":1},{"_id":"themes/cactus/source/lib/justified-gallery/css/justifiedGallery.min.css","path":"lib/justified-gallery/css/justifiedGallery.min.css","modified":0,"renderable":1},{"_id":"themes/cactus/source/lib/justified-gallery/js/jquery.justifiedGallery.min.js","path":"lib/justified-gallery/js/jquery.justifiedGallery.min.js","modified":0,"renderable":1}],"Cache":[{"_id":"source/_posts/hello-world.md","hash":"acad91ace80b80295b11a9b7ad4c29a2dcfdd8fb","modified":1609426632767},{"_id":"source/about/index.md","hash":"36505e1bf5bba4474e66bce501c36b67acb30216","modified":1609426909710},{"_id":"node_modules/hexo-theme-landscape/LICENSE","hash":"c480fce396b23997ee23cc535518ffaaf7f458f8","modified":499162500000},{"_id":"node_modules/hexo-theme-landscape/README.md","hash":"d2772ece6d4422ccdaa0359c3e07588834044052","modified":499162500000},{"_id":"node_modules/hexo-theme-landscape/_config.yml","hash":"b608c1f1322760dce9805285a602a95832730a2e","modified":499162500000},{"_id":"node_modules/hexo-theme-landscape/package.json","hash":"8fe6e00bf86429e303262b9939890b2d4559f606","modified":1609426716210},{"_id":"node_modules/hexo-theme-landscape/layout/archive.ejs","hash":"2703b07cc8ac64ae46d1d263f4653013c7e1666b","modified":499162500000},{"_id":"node_modules/hexo-theme-landscape/layout/category.ejs","hash":"765426a9c8236828dc34759e604cc2c52292835a","modified":499162500000},{"_id":"node_modules/hexo-theme-landscape/layout/index.ejs","hash":"aa1b4456907bdb43e629be3931547e2d29ac58c8","modified":499162500000},{"_id":"node_modules/hexo-theme-landscape/layout/layout.ejs","hash":"0d1765036e4874500e68256fedb7470e96eeb6ee","modified":499162500000},{"_id":"node_modules/hexo-theme-landscape/layout/page.ejs","hash":"7d80e4e36b14d30a7cd2ac1f61376d9ebf264e8b","modified":499162500000},{"_id":"node_modules/hexo-theme-landscape/layout/post.ejs","hash":"7d80e4e36b14d30a7cd2ac1f61376d9ebf264e8b","modified":499162500000},{"_id":"node_modules/hexo-theme-landscape/layout/tag.ejs","hash":"eaa7b4ccb2ca7befb90142e4e68995fb1ea68b2e","modified":499162500000},{"_id":"node_modules/hexo-theme-landscape/scripts/fancybox.js","hash":"c857d7a5e4a5d71c743a009c5932bf84229db428","modified":499162500000},{"_id":"node_modules/hexo-theme-landscape/languages/de.yml","hash":"3ebf0775abbee928c8d7bda943c191d166ded0d3","modified":499162500000},{"_id":"node_modules/hexo-theme-landscape/languages/en.yml","hash":"3083f319b352d21d80fc5e20113ddf27889c9d11","modified":499162500000},{"_id":"node_modules/hexo-theme-landscape/languages/es.yml","hash":"76edb1171b86532ef12cfd15f5f2c1ac3949f061","modified":499162500000},{"_id":"node_modules/hexo-theme-landscape/languages/fr.yml","hash":"415e1c580ced8e4ce20b3b0aeedc3610341c76fb","modified":499162500000},{"_id":"node_modules/hexo-theme-landscape/languages/hu.yml","hash":"284d557130bf54a74e7dcef9d42096130e4d9550","modified":499162500000},{"_id":"node_modules/hexo-theme-landscape/languages/it.yml","hash":"89b7d91306b2c1a0f3ac023b657bf974f798a1e8","modified":499162500000},{"_id":"node_modules/hexo-theme-landscape/languages/ja.yml","hash":"a73e1b9c80fd6e930e2628b393bfe3fb716a21a9","modified":499162500000},{"_id":"node_modules/hexo-theme-landscape/languages/ko.yml","hash":"881d6a0a101706e0452af81c580218e0bfddd9cf","modified":499162500000},{"_id":"node_modules/hexo-theme-landscape/languages/mn.yml","hash":"2e7523951072a9403ead3840ad823edd1084c116","modified":499162500000},{"_id":"node_modules/hexo-theme-landscape/languages/nl.yml","hash":"12ed59faba1fc4e8cdd1d42ab55ef518dde8039c","modified":499162500000},{"_id":"node_modules/hexo-theme-landscape/languages/no.yml","hash":"965a171e70347215ec726952e63f5b47930931ef","modified":499162500000},{"_id":"node_modules/hexo-theme-landscape/languages/pt.yml","hash":"57d07b75d434fbfc33b0ddb543021cb5f53318a8","modified":499162500000},{"_id":"node_modules/hexo-theme-landscape/languages/ru.yml","hash":"4fda301bbd8b39f2c714e2c934eccc4b27c0a2b0","modified":499162500000},{"_id":"node_modules/hexo-theme-landscape/languages/tr.yml","hash":"a1cdbfa17682d7a971de8ab8588bf57c74224b5b","modified":499162500000},{"_id":"node_modules/hexo-theme-landscape/languages/zh-CN.yml","hash":"1efd95774f401c80193eac6ee3f1794bfe93dc5a","modified":499162500000},{"_id":"node_modules/hexo-theme-landscape/languages/zh-TW.yml","hash":"53ce3000c5f767759c7d2c4efcaa9049788599c3","modified":499162500000},{"_id":"node_modules/hexo-theme-landscape/layout/_partial/after-footer.ejs","hash":"414914ebb159fac1922b056b905e570ac7521925","modified":499162500000},{"_id":"node_modules/hexo-theme-landscape/layout/_partial/archive-post.ejs","hash":"c7a71425a946d05414c069ec91811b5c09a92c47","modified":499162500000},{"_id":"node_modules/hexo-theme-landscape/layout/_partial/article.ejs","hash":"dfd555c00e85ffc4207c88968d12b219c1f086ec","modified":499162500000},{"_id":"node_modules/hexo-theme-landscape/layout/_partial/archive.ejs","hash":"7cb70a7a54f8c7ae49b10d1f37c0a9b74eab8826","modified":499162500000},{"_id":"node_modules/hexo-theme-landscape/layout/_partial/footer.ejs","hash":"3656eb692254346671abc03cb3ba1459829e0dce","modified":499162500000},{"_id":"node_modules/hexo-theme-landscape/layout/_partial/gauges-analytics.ejs","hash":"21a1e2a3907d1a3dad1cd0ab855fe6735f233c74","modified":499162500000},{"_id":"node_modules/hexo-theme-landscape/layout/_partial/head.ejs","hash":"f215d92a882247a7cc5ea80b241bedfcec0ea6ca","modified":499162500000},{"_id":"node_modules/hexo-theme-landscape/layout/_partial/google-analytics.ejs","hash":"2ea7442ea1e1a8ab4e41e26c563f58413b59a3d0","modified":499162500000},{"_id":"node_modules/hexo-theme-landscape/layout/_partial/header.ejs","hash":"c1acd247e14588cdf101a69460cb8319c18cd078","modified":499162500000},{"_id":"node_modules/hexo-theme-landscape/layout/_partial/mobile-nav.ejs","hash":"e952a532dfc583930a666b9d4479c32d4a84b44e","modified":499162500000},{"_id":"node_modules/hexo-theme-landscape/layout/_partial/sidebar.ejs","hash":"930da35cc2d447a92e5ee8f835735e6fd2232469","modified":499162500000},{"_id":"node_modules/hexo-theme-landscape/layout/_widget/archive.ejs","hash":"beb4a86fcc82a9bdda9289b59db5a1988918bec3","modified":499162500000},{"_id":"node_modules/hexo-theme-landscape/layout/_widget/category.ejs","hash":"dd1e5af3c6af3f5d6c85dfd5ca1766faed6a0b05","modified":499162500000},{"_id":"node_modules/hexo-theme-landscape/layout/_widget/recent_posts.ejs","hash":"60c4b012dcc656438ff59997e60367e5a21ab746","modified":499162500000},{"_id":"node_modules/hexo-theme-landscape/layout/_widget/tag.ejs","hash":"2de380865df9ab5f577f7d3bcadf44261eb5faae","modified":499162500000},{"_id":"node_modules/hexo-theme-landscape/layout/_widget/tagcloud.ejs","hash":"b4a2079101643f63993dcdb32925c9b071763b46","modified":499162500000},{"_id":"node_modules/hexo-theme-landscape/source/css/_extend.styl","hash":"222fbe6d222531d61c1ef0f868c90f747b1c2ced","modified":499162500000},{"_id":"node_modules/hexo-theme-landscape/source/css/_variables.styl","hash":"581b0cbefdaa5f894922133989dd2d3bf71ded79","modified":499162500000},{"_id":"node_modules/hexo-theme-landscape/source/css/style.styl","hash":"9c451e5efd72c5bb8b56e8c2b94be731e99db05b","modified":499162500000},{"_id":"node_modules/hexo-theme-landscape/source/fancybox/jquery.fancybox.min.css","hash":"1be9b79be02a1cfc5d96c4a5e0feb8f472babd95","modified":499162500000},{"_id":"node_modules/hexo-theme-landscape/source/js/script.js","hash":"998ed4c5b147e1299bf62beebf33514474f28112","modified":499162500000},{"_id":"node_modules/hexo-theme-landscape/layout/_partial/post/date.ejs","hash":"f1458584b679545830b75bef2526e2f3eb931045","modified":499162500000},{"_id":"node_modules/hexo-theme-landscape/layout/_partial/post/nav.ejs","hash":"16a904de7bceccbb36b4267565f2215704db2880","modified":499162500000},{"_id":"node_modules/hexo-theme-landscape/layout/_partial/post/gallery.ejs","hash":"3d9d81a3c693ff2378ef06ddb6810254e509de5b","modified":499162500000},{"_id":"node_modules/hexo-theme-landscape/layout/_partial/post/category.ejs","hash":"c6bcd0e04271ffca81da25bcff5adf3d46f02fc0","modified":499162500000},{"_id":"node_modules/hexo-theme-landscape/layout/_partial/post/tag.ejs","hash":"2fcb0bf9c8847a644167a27824c9bb19ac74dd14","modified":499162500000},{"_id":"node_modules/hexo-theme-landscape/layout/_partial/post/title.ejs","hash":"4d7e62574ddf46de9b41605fe3140d77b5ddb26d","modified":499162500000},{"_id":"node_modules/hexo-theme-landscape/source/css/_partial/archive.styl","hash":"db15f5677dc68f1730e82190bab69c24611ca292","modified":499162500000},{"_id":"node_modules/hexo-theme-landscape/source/css/_partial/article.styl","hash":"80759482d07063c091e940f964a1cf6693d3d406","modified":499162500000},{"_id":"node_modules/hexo-theme-landscape/source/css/_partial/footer.styl","hash":"e35a060b8512031048919709a8e7b1ec0e40bc1b","modified":499162500000},{"_id":"node_modules/hexo-theme-landscape/source/css/_partial/comment.styl","hash":"79d280d8d203abb3bd933ca9b8e38c78ec684987","modified":499162500000},{"_id":"node_modules/hexo-theme-landscape/source/css/_partial/header.styl","hash":"85ab11e082f4dd86dde72bed653d57ec5381f30c","modified":499162500000},{"_id":"node_modules/hexo-theme-landscape/source/css/_partial/highlight.styl","hash":"bf4e7be1968dad495b04e83c95eac14c4d0ad7c0","modified":499162500000},{"_id":"node_modules/hexo-theme-landscape/source/css/_partial/mobile.styl","hash":"a399cf9e1e1cec3e4269066e2948d7ae5854d745","modified":499162500000},{"_id":"node_modules/hexo-theme-landscape/source/css/_partial/sidebar-aside.styl","hash":"890349df5145abf46ce7712010c89237900b3713","modified":499162500000},{"_id":"node_modules/hexo-theme-landscape/source/css/_partial/sidebar-bottom.styl","hash":"8fd4f30d319542babfd31f087ddbac550f000a8a","modified":499162500000},{"_id":"node_modules/hexo-theme-landscape/source/css/_partial/sidebar.styl","hash":"404ec059dc674a48b9ab89cd83f258dec4dcb24d","modified":499162500000},{"_id":"node_modules/hexo-theme-landscape/source/css/_util/grid.styl","hash":"0bf55ee5d09f193e249083602ac5fcdb1e571aed","modified":499162500000},{"_id":"node_modules/hexo-theme-landscape/source/css/_util/mixin.styl","hash":"44f32767d9fd3c1c08a60d91f181ee53c8f0dbb3","modified":499162500000},{"_id":"node_modules/hexo-theme-landscape/source/js/jquery-3.4.1.min.js","hash":"88523924351bac0b5d560fe0c5781e2556e7693d","modified":499162500000},{"_id":"node_modules/hexo-theme-landscape/source/fancybox/jquery.fancybox.min.js","hash":"6181412e73966696d08e1e5b1243a572d0f22ba6","modified":499162500000},{"_id":"node_modules/hexo-theme-landscape/source/css/fonts/fontawesome-webfont.woff","hash":"28b782240b3e76db824e12c02754a9731a167527","modified":499162500000},{"_id":"node_modules/hexo-theme-landscape/source/css/fonts/fontawesome-webfont.woff2","hash":"d6f48cba7d076fb6f2fd6ba993a75b9dc1ecbf0c","modified":499162500000},{"_id":"node_modules/hexo-theme-landscape/source/css/fonts/FontAwesome.otf","hash":"048707bc52ac4b6563aaa383bfe8660a0ddc908c","modified":499162500000},{"_id":"node_modules/hexo-theme-landscape/source/css/fonts/fontawesome-webfont.eot","hash":"d980c2ce873dc43af460d4d572d441304499f400","modified":499162500000},{"_id":"node_modules/hexo-theme-landscape/source/css/fonts/fontawesome-webfont.ttf","hash":"13b1eab65a983c7a73bc7997c479d66943f7c6cb","modified":499162500000},{"_id":"node_modules/hexo-theme-landscape/source/css/images/banner.jpg","hash":"f44aa591089fcb3ec79770a1e102fd3289a7c6a6","modified":499162500000},{"_id":"node_modules/hexo-theme-landscape/source/css/fonts/fontawesome-webfont.svg","hash":"98a8aa5cf7d62c2eff5f07ede8d844b874ef06ed","modified":499162500000},{"_id":"public/about/index.html","hash":"cee898ce85f913b76e8a7807a86ba28724ab1356","modified":1609427223685},{"_id":"public/2020/12/31/hello-world/index.html","hash":"3893aeff5e954a0a2c4427d01c3b14b617ca48e6","modified":1609427223685},{"_id":"public/archives/index.html","hash":"bd6b0e57678bf68cf0e8eaaadf6ad6147173dbce","modified":1609427223685},{"_id":"public/archives/2020/index.html","hash":"5e5ef7d934850a6e8800449fe515090e283be03c","modified":1609427223685},{"_id":"public/archives/2020/12/index.html","hash":"4f8227538df4bf83413085ac684de59e44712af1","modified":1609427223685},{"_id":"public/index.html","hash":"31483531b4f30260b5647b55c977258d3c528a22","modified":1609427223685},{"_id":"public/css/fonts/fontawesome-webfont.woff2","hash":"d6f48cba7d076fb6f2fd6ba993a75b9dc1ecbf0c","modified":1609426949921},{"_id":"public/css/fonts/fontawesome-webfont.woff","hash":"28b782240b3e76db824e12c02754a9731a167527","modified":1609426949921},{"_id":"public/css/fonts/FontAwesome.otf","hash":"048707bc52ac4b6563aaa383bfe8660a0ddc908c","modified":1609426949921},{"_id":"public/css/fonts/fontawesome-webfont.eot","hash":"d980c2ce873dc43af460d4d572d441304499f400","modified":1609426949921},{"_id":"public/css/fonts/fontawesome-webfont.ttf","hash":"13b1eab65a983c7a73bc7997c479d66943f7c6cb","modified":1609426949921},{"_id":"public/js/script.js","hash":"998ed4c5b147e1299bf62beebf33514474f28112","modified":1609426949921},{"_id":"public/fancybox/jquery.fancybox.min.css","hash":"1be9b79be02a1cfc5d96c4a5e0feb8f472babd95","modified":1609426949921},{"_id":"public/css/style.css","hash":"dbc33c43d9c34f9f83e44e2232c69e968eb58a69","modified":1609427223685},{"_id":"public/css/images/banner.jpg","hash":"f44aa591089fcb3ec79770a1e102fd3289a7c6a6","modified":1609426949921},{"_id":"public/fancybox/jquery.fancybox.min.js","hash":"6181412e73966696d08e1e5b1243a572d0f22ba6","modified":1609426949921},{"_id":"public/js/jquery-3.4.1.min.js","hash":"88523924351bac0b5d560fe0c5781e2556e7693d","modified":1609426949921},{"_id":"public/css/fonts/fontawesome-webfont.svg","hash":"98a8aa5cf7d62c2eff5f07ede8d844b874ef06ed","modified":1609426949921},{"_id":"themes/cactus/.gitignore","hash":"8d1ea5895c15244978ee32f4ef280124512d995a","modified":1609426468214},{"_id":"themes/cactus/.jshintrc","hash":"d6ee46102ed2ff00acb555557f47241b701e99a4","modified":1609426468214},{"_id":"themes/cactus/.stylintrc","hash":"8bbbee5eae70fbe7dd53c9ce43d244b47d58385b","modified":1609426468215},{"_id":"themes/cactus/LICENSE","hash":"06806c75801c9ae870a1b47d588ef8e00d3c7c94","modified":1609426468215},{"_id":"themes/cactus/README.md","hash":"ac7b78fe4afba037b01fc96903ce4d984688fd61","modified":1609426468216},{"_id":"themes/cactus/_config.yml","hash":"6db58502968719d59fbfad9f3c38476afaf0f99b","modified":1609426468216},{"_id":"themes/cactus/gulpfile.js","hash":"88fe082c143d8d27c6099cb791fefb6aeebe588f","modified":1609426468217},{"_id":"themes/cactus/package.json","hash":"c7492f4a9c118a066260ba1379064dc0a8ec6609","modified":1609426468234},{"_id":"themes/cactus/languages/ca.yml","hash":"6f9897fe8c7b7bf23be7fa58c530602217aea898","modified":1609426468217},{"_id":"themes/cactus/languages/de.yml","hash":"0734bfc33861585a12327142bf52489c882ad34f","modified":1609426468217},{"_id":"themes/cactus/languages/default.yml","hash":"ea5e6aee4cb14510793ac4593a3bddffe23e530c","modified":1609426468218},{"_id":"themes/cactus/languages/en.yml","hash":"0a4985438ac00ef9f20f8836ac356a3436ff7552","modified":1609426468218},{"_id":"themes/cactus/languages/es.yml","hash":"56ddfd9081641c45272bdc2df750e41ab8b600bf","modified":1609426468219},{"_id":"themes/cactus/languages/fa.yml","hash":"05fb8dad765af2b9eec32582f5d277eb2735ffc3","modified":1609426468219},{"_id":"themes/cactus/languages/fr.yml","hash":"4604fc8f94d98f6d53c80535fbae78814f88f32d","modified":1609426468220},{"_id":"themes/cactus/languages/it.yml","hash":"501bfc9aed86964ee75354a805378740a02af799","modified":1609426468220},{"_id":"themes/cactus/languages/kr.yml","hash":"ab5be04a1b4c4d87e164b1a045e220f855e85a38","modified":1609426468220},{"_id":"themes/cactus/languages/nl.yml","hash":"4c36921322e782775ccff9aec78d4261153cf5e5","modified":1609426468221},{"_id":"themes/cactus/languages/pl.yml","hash":"3677b782edd98986bb82568c6ff6c8b77140b75a","modified":1609426468221},{"_id":"themes/cactus/languages/pt-br.yml","hash":"417d25e3dae260a2503ec6a8f1b590fa00534b14","modified":1609426468222},{"_id":"themes/cactus/languages/ru.yml","hash":"47fb1672f36d5adadf2f6c3a5c4d1714f5bd563b","modified":1609426468222},{"_id":"themes/cactus/languages/tr.yml","hash":"7971cbff7f90ffe1dc40402be6332890be1ed2c7","modified":1609426468222},{"_id":"themes/cactus/languages/vi.yml","hash":"1a1dfc60e952c3429c038f69a9e0ca2057784fca","modified":1609426468223},{"_id":"themes/cactus/languages/zh-CN.yml","hash":"d4ee3ab34b7d34f51b81be813df92f123fafe39a","modified":1609426468223},{"_id":"themes/cactus/languages/zh-TW.yml","hash":"d02ac645f87c5841ff35499818654df85bd872f5","modified":1609426468223},{"_id":"themes/cactus/layout/archive.ejs","hash":"3009339c4258c63943a14a61481dcb358b63e98f","modified":1609426468232},{"_id":"themes/cactus/layout/index.ejs","hash":"400934dda43ec5a94553607a5c021c0698cee955","modified":1609426468232},{"_id":"themes/cactus/layout/layout.ejs","hash":"e14f83a23128ce0d4208f04f419363fd7d0cab18","modified":1609426468233},{"_id":"themes/cactus/layout/page.ejs","hash":"1700d4f434170e1eeb0e2a9470fc3c0732b2ba7e","modified":1609426468233},{"_id":"themes/cactus/layout/post.ejs","hash":"48bf7c2ef2477dc58e49488d7612e88d8235bb48","modified":1609426468234},{"_id":"themes/cactus/scripts/merge-configs.js","hash":"98b79403945fa7f8dc177e6da283681677d02567","modified":1609426468235},{"_id":"themes/cactus/scripts/meta.js","hash":"6b05bc75ab2478a1f01deab46919164895eb1f6d","modified":1609426468235},{"_id":"themes/cactus/scripts/page_title.js","hash":"03b5c8b6215f0b305327e8d9b5d49add83b4b95f","modified":1609426468235},{"_id":"themes/cactus/scripts/thumbnail.js","hash":"3d841aa267026703a5cc29f4ffbb613f0a2bbd45","modified":1609426468237},{"_id":"themes/cactus/layout/_partial/comments.ejs","hash":"fc4bc4421f2ed388b30fd3e63cba30f66c0df331","modified":1609426468224},{"_id":"themes/cactus/layout/_partial/footer.ejs","hash":"a8ceda737398baa266cd4922a72a4c66a1751854","modified":1609426468225},{"_id":"themes/cactus/layout/_partial/head.ejs","hash":"80ce6a686e39a107d486479fb3d40962317ce2b5","modified":1609426468225},{"_id":"themes/cactus/layout/_partial/header.ejs","hash":"d14fcd2002309c55e3d60c71699bd077a62809ba","modified":1609426468226},{"_id":"themes/cactus/layout/_partial/pagination.ejs","hash":"f561e68e9dd10ae1cf2e79e8425f7e9b86ed723e","modified":1609426468226},{"_id":"themes/cactus/layout/_partial/scripts.ejs","hash":"3fa0f784f6a9d8d23f1fd85a98b6a5977754b7b2","modified":1609426468231},{"_id":"themes/cactus/layout/_partial/search.ejs","hash":"12dba799ae5736dfbf1548e1923bbb7447de8a6d","modified":1609426468231},{"_id":"themes/cactus/layout/_partial/styles.ejs","hash":"b7cf29a0cbe44d93766f89113ba3cfd832e75dfb","modified":1609426468232},{"_id":"themes/cactus/source/css/_extend.styl","hash":"1b9b2c69b894343068f3384000581a6092c4e868","modified":1609426468240},{"_id":"themes/cactus/source/css/_fonts.styl","hash":"5c1727836f5d6076a65cf91dbbeaba8d16b5132b","modified":1609426468240},{"_id":"themes/cactus/source/css/_mixins.styl","hash":"37093d2a554283ab652b59e5e0ff9b542edced0f","modified":1609426468273},{"_id":"themes/cactus/source/css/_util.styl","hash":"1c7bed7376f04d7b77d817e132aee08cf65e6395","modified":1609426468279},{"_id":"themes/cactus/source/css/_variables.styl","hash":"5dcbf89bd23d9dd3c45d07049a1448b0ae95426b","modified":1609426468279},{"_id":"themes/cactus/source/css/rtl.styl","hash":"105284f992de848968d818f6200d2ebbdd5342d0","modified":1609426468279},{"_id":"themes/cactus/source/css/style.styl","hash":"aea63487a77b5b1e78877167b9f43eaa4cfa13e0","modified":1609426468280},{"_id":"themes/cactus/source/images/apple-touch-icon.png","hash":"57e2def34682655f41a0be2d083f16765ba7858b","modified":1609426468280},{"_id":"themes/cactus/source/images/favicon-192x192.png","hash":"96e6fcbbb13a5914a6131391e210eb7dfd13d692","modified":1609426468281},{"_id":"themes/cactus/source/images/favicon.ico","hash":"189f9842bcb79a6f8f9e8445bc8bbd773443826b","modified":1609426468281},{"_id":"themes/cactus/source/js/main.js","hash":"bad144490654ac2518d15e82f426ecbd66b22fd5","modified":1609426468284},{"_id":"themes/cactus/source/js/search.js","hash":"4eb1ffb352760a7fd3748e42846b5e726ae854f2","modified":1609426468285},{"_id":"themes/cactus/layout/_partial/post/actions_desktop.ejs","hash":"684ab77be954f73853ee9407567b4c5c0ef6af74","modified":1609426468228},{"_id":"themes/cactus/layout/_partial/post/actions_mobile.ejs","hash":"c8d06799755147a64cdd0cb2728d3ce46a044dae","modified":1609426468228},{"_id":"themes/cactus/layout/_partial/post/category.ejs","hash":"75567a2de037857cb3e4c9fc5fc87094a23fb119","modified":1609426468229},{"_id":"themes/cactus/layout/_partial/post/date.ejs","hash":"bb624f77d29594b8d3a7dd82f1aee6eead6b9b61","modified":1609426468229},{"_id":"themes/cactus/layout/_partial/post/gallery.ejs","hash":"725ab823c2fb4a5e444eca3afa617d88f305ef71","modified":1609426468229},{"_id":"themes/cactus/layout/_partial/post/share.ejs","hash":"9c8eb57164e63d8563966ab901957c095ea60038","modified":1609426468230},{"_id":"themes/cactus/layout/_partial/post/tag.ejs","hash":"98fe03d5a8835dbc22869d519cc5b5f48808b1e5","modified":1609426468230},{"_id":"themes/cactus/layout/_partial/post/title.ejs","hash":"67da1757316408a72393e6d2aab4ec635e1d30c1","modified":1609426468231},{"_id":"themes/cactus/source/css/_colors/classic.styl","hash":"750cae11fd67684c0b9f73892e9b4dc0b18e6e59","modified":1609426468239},{"_id":"themes/cactus/source/css/_colors/dark.styl","hash":"2c949ae926ae73ef5e5e7b7ebe8ba173d6afd234","modified":1609426468239},{"_id":"themes/cactus/source/css/_colors/light.styl","hash":"9d6e813e1612dd51f9e41038376348c561bd33bd","modified":1609426468239},{"_id":"themes/cactus/source/css/_colors/white.styl","hash":"6aef2765112d3daa32fb770dc7c5ea478c7baf3d","modified":1609426468240},{"_id":"themes/cactus/source/css/_highlight/agate.styl","hash":"fc289ba8f47ead6331ec3a51533cfa93251c5634","modified":1609426468241},{"_id":"themes/cactus/source/css/_highlight/androidstudio.styl","hash":"4d67bdab6cc9c614486ca42f98199a04d053e7f0","modified":1609426468242},{"_id":"themes/cactus/source/css/_highlight/arduino-light.styl","hash":"591962bfc758a521b4cb907750c19a1a2423b4d5","modified":1609426468242},{"_id":"themes/cactus/source/css/_highlight/arta.styl","hash":"262167aaebcf28de7f85af7ac77a76fa1fa284f7","modified":1609426468243},{"_id":"themes/cactus/source/css/_highlight/ascetic.styl","hash":"ca087a3c70998c7ac6b0b42d5cf7a653b8707591","modified":1609426468243},{"_id":"themes/cactus/source/css/_highlight/atelier-cave-dark.styl","hash":"7e83c7f2acaaaa98864660afe2794745c36c8e51","modified":1609426468244},{"_id":"themes/cactus/source/css/_highlight/atelier-cave-light.styl","hash":"f47de0b9d66617728f68096ed48371dd6bb9e67a","modified":1609426468244},{"_id":"themes/cactus/source/css/_highlight/atelier-dune-dark.styl","hash":"68584ed0e99c7d0e49ef8a2e67cd4dcdad359de4","modified":1609426468245},{"_id":"themes/cactus/source/css/_highlight/atelier-dune-light.styl","hash":"657fe215931fd06e21b56374df699a94890f7ab4","modified":1609426468245},{"_id":"themes/cactus/source/css/_highlight/atelier-estuary-dark.styl","hash":"1cecd13e0d6b24042ff86372f0596c1441bb834a","modified":1609426468245},{"_id":"themes/cactus/source/css/_highlight/atelier-estuary-light.styl","hash":"2b416a0567a53aa0fa8898b196ddd44315c1a5f3","modified":1609426468246},{"_id":"themes/cactus/source/css/_highlight/atelier-forest-dark.styl","hash":"a741eba35cdfe2cfd67dfbf109655f253d6b4795","modified":1609426468246},{"_id":"themes/cactus/source/css/_highlight/atelier-forest-light.styl","hash":"8d7c7242974aa2454fa792c5d7a47c5f9632355a","modified":1609426468247},{"_id":"themes/cactus/source/css/_highlight/atelier-heath-dark.styl","hash":"f186b357dcebded89b7bcc77389b2cff76533d72","modified":1609426468247},{"_id":"themes/cactus/source/css/_highlight/atelier-heath-light.styl","hash":"c1db353e8613607580d40b12ddc162d029560576","modified":1609426468247},{"_id":"themes/cactus/source/css/_highlight/atelier-lakeside-dark.styl","hash":"802979cea895a0a384645cb30a43de9572cb0e3f","modified":1609426468248},{"_id":"themes/cactus/source/css/_highlight/atelier-lakeside-light.styl","hash":"8659eaae6a0c2e00b4b9199803e50adf4ff0128d","modified":1609426468248},{"_id":"themes/cactus/source/css/_highlight/atelier-plateau-dark.styl","hash":"0d51ddc580ccb0a291271fa9632bc91dab632df6","modified":1609426468249},{"_id":"themes/cactus/source/css/_highlight/atelier-plateau-light.styl","hash":"96181544eeadc5b0749229f11607e7c01f81e078","modified":1609426468249},{"_id":"themes/cactus/source/css/_highlight/atelier-savanna-dark.styl","hash":"bbad7a9512b4873294e73ce806e36e43973e6ed8","modified":1609426468250},{"_id":"themes/cactus/source/css/_highlight/atelier-savanna-light.styl","hash":"8a5207a0c30262a0bf5e1a41411a306f7a89a7e7","modified":1609426468250},{"_id":"themes/cactus/source/css/_highlight/atelier-seaside-dark.styl","hash":"2f008271299042f2443bca98c9bcadbc8c45e837","modified":1609426468250},{"_id":"themes/cactus/source/css/_highlight/atelier-seaside-light.styl","hash":"08e2df313c272d5c70c93e713639663c168180d0","modified":1609426468251},{"_id":"themes/cactus/source/css/_highlight/atelier-sulphurpool-dark.styl","hash":"18dcb00ab9c62eb810d492047214331c51bb654f","modified":1609426468251},{"_id":"themes/cactus/source/css/_highlight/atelier-sulphurpool-light.styl","hash":"add3d88c9d12567dcfae7a8e49984d119fc72227","modified":1609426468252},{"_id":"themes/cactus/source/css/_highlight/brown-paper.styl","hash":"d14846542a26b75fd26df5b5df6c5493733f73f6","modified":1609426468252},{"_id":"themes/cactus/source/css/_highlight/brown-papersq.png","hash":"3a1332ede3a75a3d24f60b6ed69035b72da5e182","modified":1609426468253},{"_id":"themes/cactus/source/css/_highlight/codepen-embed.styl","hash":"1de45e603e2c71c7f6b0c1372a3ba00b1bc153a8","modified":1609426468253},{"_id":"themes/cactus/source/css/_highlight/color-brewer.styl","hash":"9c4905eab730d0b389e6972e907057577f7e25f1","modified":1609426468253},{"_id":"themes/cactus/source/css/_highlight/dark.styl","hash":"98d7884806838a0b46132d759d60ac27c0c4bd9c","modified":1609426468254},{"_id":"themes/cactus/source/css/_highlight/darkula.styl","hash":"8965ad6920601c275ca97e617beff5536925a266","modified":1609426468254},{"_id":"themes/cactus/source/css/_highlight/docco.styl","hash":"7bd3389ce16d20488ab336d557056cc703c921c7","modified":1609426468255},{"_id":"themes/cactus/source/css/_highlight/far.styl","hash":"8da83d66724f2ce508a40f21b4f6dc0d704be562","modified":1609426468255},{"_id":"themes/cactus/source/css/_highlight/foundation.styl","hash":"28c59a31467c33bd51cbf3b6085782c2a724ff6c","modified":1609426468256},{"_id":"themes/cactus/source/css/_highlight/github-gist.styl","hash":"71f4b0fca91a587e6eba15a5306dca963bb8f441","modified":1609426468256},{"_id":"themes/cactus/source/css/_highlight/github.styl","hash":"a84eb710b302006120c3e7f8ca18f9e6fbc231c3","modified":1609426468256},{"_id":"themes/cactus/source/css/_highlight/googlecode.styl","hash":"7f5082ae008925a23eb713f160773fe647eb3ff7","modified":1609426468257},{"_id":"themes/cactus/source/css/_highlight/grayscale.styl","hash":"c83804abe39faebd80f8f4ff64fbd7137674cb1c","modified":1609426468257},{"_id":"themes/cactus/source/css/_highlight/gruvbox-dark.styl","hash":"f66403ce77dcb16b1f98a5061b72f7581630d69f","modified":1609426468258},{"_id":"themes/cactus/source/css/_highlight/highlightjs.styl","hash":"fd796a58c5d4590cda67c998187933788d45f30a","modified":1609426468258},{"_id":"themes/cactus/source/css/_highlight/hopscotch.styl","hash":"dd3c78c42d4a865f11623235e5e5f6829d789706","modified":1609426468258},{"_id":"themes/cactus/source/css/_highlight/hybrid.styl","hash":"4906456025787de04b48a87c42bb704c5ff67065","modified":1609426468259},{"_id":"themes/cactus/source/css/_highlight/idea.styl","hash":"e284c1760e8da0848f56cd5601d867ceeb0192d7","modified":1609426468260},{"_id":"themes/cactus/source/css/_highlight/index.styl","hash":"36c44375229613a5bb9ee84a8e90214978070439","modified":1609426468260},{"_id":"themes/cactus/source/css/_highlight/ir-black.styl","hash":"aa31b30069ebee39e2c3ebb75e2c96ba8678eb14","modified":1609426468260},{"_id":"themes/cactus/source/css/_highlight/kimbie.dark.styl","hash":"3b998c640eeb2c6192fee24bc78b4137de475dd7","modified":1609426468261},{"_id":"themes/cactus/source/css/_highlight/kimbie.light.styl","hash":"e901738455ec9a1bddde7b62bbd8595de6033e1e","modified":1609426468261},{"_id":"themes/cactus/source/css/_highlight/kimbie.styl","hash":"13113af220dfed09cb49d85102babb352c3eff97","modified":1609426468261},{"_id":"themes/cactus/source/css/_highlight/magula.styl","hash":"ab179306c12a1cf2949482beaca328e379ef034a","modified":1609426468262},{"_id":"themes/cactus/source/css/_highlight/mono-blue.styl","hash":"14fb8678739b77f35771b6d63101ddbf1e7a9fbc","modified":1609426468263},{"_id":"themes/cactus/source/css/_highlight/monokai-sublime.styl","hash":"84a27bd29d939105d65f4164c219d6cc2e09ae60","modified":1609426468263},{"_id":"themes/cactus/source/css/_highlight/monokai.styl","hash":"c3a3bfae1eb864505fbc8748db734600057af1af","modified":1609426468263},{"_id":"themes/cactus/source/css/_highlight/obsidian.styl","hash":"efba069860181d2b709e1548dd16cf102ca267fa","modified":1609426468264},{"_id":"themes/cactus/source/css/_highlight/paraiso-dark.styl","hash":"50f1cee8a5b3b165b4184ead0a99dc564b62ef4f","modified":1609426468264},{"_id":"themes/cactus/source/css/_highlight/paraiso-light.styl","hash":"e428e8202b01e83b0f018a96058d806e7f4c76bf","modified":1609426468265},{"_id":"themes/cactus/source/css/_highlight/paraiso.styl","hash":"846a06a57fa0b3db7f83ec7ac2bf34911f32cf66","modified":1609426468265},{"_id":"themes/cactus/source/css/_highlight/pojoaque.jpg","hash":"c5fe6533b88b21f8d90d3d03954c6b29baa67791","modified":1609426468265},{"_id":"themes/cactus/source/css/_highlight/pojoaque.styl","hash":"4d4a9360c35f3c5a0c5b9b49a1f2284e7e21317b","modified":1609426468266},{"_id":"themes/cactus/source/css/_highlight/railscasts.styl","hash":"5dc9ce33cecee87fe9ca8f2ed9342602194484ec","modified":1609426468266},{"_id":"themes/cactus/source/css/_highlight/rainbow.styl","hash":"95246afef181bd96f9adb1a2e84fb3ef302d4598","modified":1609426468267},{"_id":"themes/cactus/source/css/_highlight/school-book.png","hash":"711ec983c874e093bb89eb77afcbdf6741fa61ee","modified":1609426468267},{"_id":"themes/cactus/source/css/_highlight/school-book.styl","hash":"186c37e9c39e65aa291cce3317e35904693598d1","modified":1609426468267},{"_id":"themes/cactus/source/css/_highlight/solarized-dark.styl","hash":"9fc9400d3a8cae97eb5761c284140acb0f847538","modified":1609426468268},{"_id":"themes/cactus/source/css/_highlight/solarized-light.styl","hash":"bb04944fc06c12ecd7b56ad933dbedde60c2259a","modified":1609426468268},{"_id":"themes/cactus/source/css/_highlight/sunburst.styl","hash":"e6e4c009b10b9805f0c593446bf013edec47d146","modified":1609426468269},{"_id":"themes/cactus/source/css/_highlight/tomorrow-night-blue.styl","hash":"92f4423d4964fcfe34ff7ca6cb21012b5738c697","modified":1609426468269},{"_id":"themes/cactus/source/css/_highlight/tomorrow-night-bright.styl","hash":"e6b025b247e4027fb3c1b7833588f5a5b04a549c","modified":1609426468270},{"_id":"themes/cactus/source/css/_highlight/tomorrow-night-eighties.styl","hash":"8b16876cf205111d5d5454100de712bc3ea8f477","modified":1609426468270},{"_id":"themes/cactus/source/css/_highlight/tomorrow-night.styl","hash":"eb8441364bb1664ecebde77b965dc36c91133aa0","modified":1609426468270},{"_id":"themes/cactus/source/css/_highlight/tomorrow.styl","hash":"502335f0fac07ed74ca78207bcf3ef8dd2252cf6","modified":1609426468271},{"_id":"themes/cactus/source/css/_highlight/vs.styl","hash":"14fbb0c43af440a290280b26968c8a5c0786b27f","modified":1609426468271},{"_id":"themes/cactus/source/css/_highlight/xcode.styl","hash":"5fa8999c7f807c1aae29c7a1cdf681678576fb69","modified":1609426468272},{"_id":"themes/cactus/source/css/_highlight/zenburn.styl","hash":"f63534764dd6598e81177d64714a184f98153b11","modified":1609426468272},{"_id":"themes/cactus/source/css/_partial/archive.styl","hash":"c89529b82ff8bd059384aedf36e7690a9a67da7a","modified":1609426468273},{"_id":"themes/cactus/source/css/_partial/article.styl","hash":"1101e1dd5a763bc415b60fa66471a913f6ebfa40","modified":1609426468273},{"_id":"themes/cactus/source/css/_partial/categories.styl","hash":"92fffe2baacb9d19021b3d120d2038417ca466df","modified":1609426468274},{"_id":"themes/cactus/source/css/_partial/comments.styl","hash":"6e839bae0ddc11447579c34541e79b50d3670bbd","modified":1609426468274},{"_id":"themes/cactus/source/css/_partial/footer.styl","hash":"2bfb5dded634deaa4837c2e6f18ea14a1b86ec7d","modified":1609426468275},{"_id":"themes/cactus/source/css/_partial/header.styl","hash":"25538f8114e3b31d885bc6421451fdeee3f038b1","modified":1609426468275},{"_id":"themes/cactus/source/css/_partial/index.styl","hash":"4a0da5d7052204b23d390a7f76cdc903b9eef52b","modified":1609426468276},{"_id":"themes/cactus/source/css/_partial/pagination.styl","hash":"4ff9755163aae6039bb72eac8360bc1c50fa26b6","modified":1609426468276},{"_id":"themes/cactus/source/css/_partial/search.styl","hash":"680ea535e5a20c01a31bee4d3eb680b86267a281","modified":1609426468277},{"_id":"themes/cactus/source/css/_partial/tags.styl","hash":"7a2f9051b21bce525ecb71799d37c4b65a4f9171","modified":1609426468278},{"_id":"themes/cactus/source/css/_partial/tooltip.styl","hash":"6cb13a9f4a7c01aa7ab8f73739a7d385377c5465","modified":1609426468278},{"_id":"themes/cactus/source/lib/clipboard/clipboard.min.js","hash":"dc144353ec85169bb3c5f3c6d68b4e75f9bf28ea","modified":1609426468285},{"_id":"themes/cactus/source/lib/vazir-font/Vazir-Black.woff","hash":"9e8d954c46eaad8b8234fa906e9a268ee354dced","modified":1609426468352},{"_id":"themes/cactus/source/lib/vazir-font/Vazir-Black.woff2","hash":"f1c5d7523d21c2bf820d827c9d5df4184c3866dc","modified":1609426468352},{"_id":"themes/cactus/source/lib/vazir-font/Vazir-Bold.woff","hash":"9376516725e502f4375e06cc4fa7d940e2c93251","modified":1609426468355},{"_id":"themes/cactus/source/lib/vazir-font/Vazir-Bold.woff2","hash":"8d4810991aa94f958aff20a9cd381caf338e3061","modified":1609426468356},{"_id":"themes/cactus/source/lib/vazir-font/Vazir-Light.woff","hash":"cba77d3d16f7565f9ea79bd7657f4e00c7fe851f","modified":1609426468358},{"_id":"themes/cactus/source/lib/vazir-font/Vazir-Light.woff2","hash":"e520d5f6bf7ea3c1e4f2aef2abbbc6a6f9b697cb","modified":1609426468359},{"_id":"themes/cactus/source/lib/vazir-font/Vazir-Medium.woff","hash":"2e8e3c873e6d98acc3c10aa84997104b276e1e68","modified":1609426468362},{"_id":"themes/cactus/source/lib/vazir-font/Vazir-Medium.woff2","hash":"976b7aa7c2c2c049c548a25b5914cfbda74b0453","modified":1609426468362},{"_id":"themes/cactus/source/lib/vazir-font/Vazir-Thin.woff","hash":"f231111b3c778b7a5898ea88c0f150c0e72be468","modified":1609426468365},{"_id":"themes/cactus/source/lib/vazir-font/Vazir-Thin.woff2","hash":"baa42f95b41411b9aeaa6c7594e5ccee10d42ac4","modified":1609426468366},{"_id":"themes/cactus/source/lib/vazir-font/Vazir.woff","hash":"c798391d624b9bb44497a87ffc4f7eb52042dceb","modified":1609426468368},{"_id":"themes/cactus/source/lib/vazir-font/Vazir.woff2","hash":"dc3c0ed67c9abb062b562e8553776f614d2946c2","modified":1609426468369},{"_id":"themes/cactus/source/lib/vazir-font/font-face.css","hash":"719198d581ee5fadac8787011298e100eda4c5ad","modified":1609426468369},{"_id":"themes/cactus/source/css/_partial/post/actions_mobile.styl","hash":"b06410ed34b5ecbcac11357aa359149e1f827aa6","modified":1609426468277},{"_id":"themes/cactus/source/css/_partial/post/actions_desktop.styl","hash":"b5b249c25c7eb598a9974eb2a27b7be8e04990d8","modified":1609426468276},{"_id":"themes/cactus/source/lib/font-awesome/css/all.min.css","hash":"123ced2b72d2a4f49f93fcbf6b858a449edec74b","modified":1609426468286},{"_id":"themes/cactus/source/lib/font-awesome/webfonts/fa-regular-400.eot","hash":"3ad44eb5c276d1435408f253ca78da729a1aca90","modified":1609426468299},{"_id":"themes/cactus/source/lib/font-awesome/webfonts/fa-regular-400.ttf","hash":"114f35e6d9053caca2ef6d1e34fea3f87a59245b","modified":1609426468301},{"_id":"themes/cactus/source/lib/font-awesome/webfonts/fa-regular-400.woff","hash":"f3f0ea4847825806062a9b7a0f629671eb6b6408","modified":1609426468302},{"_id":"themes/cactus/source/lib/font-awesome/webfonts/fa-regular-400.woff2","hash":"830f8653e5f4a5331ac0b47c5701f65fe9f1bb32","modified":1609426468302},{"_id":"themes/cactus/source/lib/justified-gallery/css/justifiedGallery.min.css","hash":"a21698ea1b6caf22116d82e27c81115b8d5e9dcc","modified":1609426468315},{"_id":"themes/cactus/source/lib/justified-gallery/js/jquery.justifiedGallery.min.js","hash":"6f5433cc9f19ce2403e903e5d01a4c7b38f0969b","modified":1609426468316},{"_id":"themes/cactus/source/lib/jquery/jquery.min.js","hash":"b15f7cfa79519756dff1ad22553fd0ed09024343","modified":1609426468314},{"_id":"themes/cactus/source/lib/vazir-font/Vazir-Black.eot","hash":"603acd29416644e4b4fb8646abeada1865ba6869","modified":1609426468350},{"_id":"themes/cactus/source/lib/vazir-font/Vazir-Black.ttf","hash":"23ee4a19421de9a0ca9dddc5435a8efe5bf28d87","modified":1609426468351},{"_id":"themes/cactus/source/lib/vazir-font/Vazir-Bold.eot","hash":"9ef82b07f3adad7d644c9c3a6d35a0c727bd64e8","modified":1609426468353},{"_id":"themes/cactus/source/lib/vazir-font/Vazir-Bold.ttf","hash":"658c1da4f2a0124f6340058daa6873a86e6ba4fc","modified":1609426468355},{"_id":"themes/cactus/source/lib/vazir-font/Vazir-Light.eot","hash":"32f51bf715663f5ca419e138617fc05f7055aef5","modified":1609426468357},{"_id":"themes/cactus/source/lib/vazir-font/Vazir-Light.ttf","hash":"b2372b67b9519fb4fa8e05de6c0ddae56845ff79","modified":1609426468358},{"_id":"themes/cactus/source/lib/vazir-font/Vazir-Medium.eot","hash":"17be9f699c30f0384004b46e991db8ac38a9992e","modified":1609426468360},{"_id":"themes/cactus/source/lib/vazir-font/Vazir-Medium.ttf","hash":"31cdbcc7215d01c9dd2beb8a28f8b7a7de75b9f4","modified":1609426468361},{"_id":"themes/cactus/source/lib/vazir-font/Vazir-Thin.eot","hash":"2c0ebb336dd012da8d575cae0ee4d048b65fe6e1","modified":1609426468363},{"_id":"themes/cactus/source/lib/vazir-font/Vazir-Thin.ttf","hash":"d53fcc2e2d6c9c77613afcd34058be1b75bb0fef","modified":1609426468365},{"_id":"themes/cactus/source/lib/vazir-font/Vazir.eot","hash":"bd3a7cb9eb70d36b4cfba8c5a05d234aefeefe3c","modified":1609426468367},{"_id":"themes/cactus/source/lib/vazir-font/Vazir.ttf","hash":"c7a3f2f4d56c4c4ec69d395baf39b55198da0254","modified":1609426468368},{"_id":"themes/cactus/source/lib/font-awesome/webfonts/fa-brands-400.woff","hash":"91daac2bfba5e6a1a15ce44c53eab524d01c7fb0","modified":1609426468297},{"_id":"themes/cactus/source/lib/font-awesome/webfonts/fa-brands-400.woff2","hash":"f356aa2e4d9b7245985d312d3bfba180f774e3b7","modified":1609426468298},{"_id":"themes/cactus/source/lib/font-awesome/webfonts/fa-solid-900.woff","hash":"61f40daca6978e6e7ab761e748c2dd9d236c7586","modified":1609426468312},{"_id":"themes/cactus/source/lib/font-awesome/webfonts/fa-solid-900.woff2","hash":"b2c74520c3f506efbfefca867918e5ae28bd5222","modified":1609426468313},{"_id":"themes/cactus/source/lib/font-awesome/webfonts/fa-brands-400.eot","hash":"d4987ee41e0e4142d561f76b8ea8e034c4d5d9d2","modified":1609426468288},{"_id":"themes/cactus/source/lib/font-awesome/webfonts/fa-brands-400.ttf","hash":"f34ee061900ecd1ed3d3fd9f8f47f4e84c6d56bf","modified":1609426468297},{"_id":"themes/cactus/source/lib/font-awesome/webfonts/fa-regular-400.svg","hash":"c850047f1833b5a03b44ab47cb630fc39fa6bc45","modified":1609426468300},{"_id":"themes/cactus/source/images/logo.png","hash":"0e3029251dfda26adee2761f71377297e8c26871","modified":1609426468284},{"_id":"themes/cactus/source/lib/font-awesome/webfonts/fa-solid-900.eot","hash":"be6b63d528286b1be2328d871c9bae95d8d57174","modified":1609426468304},{"_id":"themes/cactus/source/lib/font-awesome/webfonts/fa-solid-900.ttf","hash":"91b40a8f284159d9fff81dc522670ef68d562682","modified":1609426468311},{"_id":"themes/cactus/source/lib/meslo-LG/MesloLGM-BoldItalic.ttf","hash":"b542b9591fbf33925d93f0695b6e123a9f0cfd43","modified":1609426468336},{"_id":"themes/cactus/source/lib/meslo-LG/MesloLGS-BoldItalic.ttf","hash":"926035f0156cccf1b0ca507347f39bf9c510f51e","modified":1609426468344},{"_id":"themes/cactus/source/lib/meslo-LG/MesloLGL-BoldItalic.ttf","hash":"b7d24ab1e4fad720f31a2b0cca1904ce1740d846","modified":1609426468325},{"_id":"themes/cactus/source/lib/meslo-LG/MesloLGL-Italic.ttf","hash":"9a23c6898b0943bd3d96c04df9a0f66e919451d8","modified":1609426468328},{"_id":"themes/cactus/source/lib/meslo-LG/MesloLGM-Italic.ttf","hash":"93ebc5098cf57a32b7b8d297681f31692c09bdfa","modified":1609426468338},{"_id":"themes/cactus/source/lib/meslo-LG/MesloLGS-Italic.ttf","hash":"9d757cc9f928fc83b2133283dd639c12b11d94ad","modified":1609426468346},{"_id":"themes/cactus/source/lib/meslo-LG/MesloLGS-Bold.ttf","hash":"f9918fb93d6ab6850f5d38069a999c311af78816","modified":1609426468342},{"_id":"themes/cactus/source/lib/meslo-LG/MesloLGL-Bold.ttf","hash":"34f7db59f1d023294e69976aa20b7d52b86165a4","modified":1609426468323},{"_id":"themes/cactus/source/lib/meslo-LG/MesloLGL-Regular.ttf","hash":"6c090d6bff3928fbf8a5f4104e58ed7f421aea7c","modified":1609426468331},{"_id":"themes/cactus/source/lib/meslo-LG/MesloLGM-Bold.ttf","hash":"58be4b7760e9a84daa81929d046f9a15c4fd1c1a","modified":1609426468333},{"_id":"themes/cactus/source/lib/meslo-LG/MesloLGM-Regular.ttf","hash":"20ce1fc7ae1254558ca044ae48283faaa58897e5","modified":1609426468340},{"_id":"themes/cactus/source/lib/meslo-LG/MesloLGS-Regular.ttf","hash":"de559f8d70d5b1ab2810597bfd0b1b9506f3ef01","modified":1609426468348},{"_id":"themes/cactus/source/lib/font-awesome/webfonts/fa-brands-400.svg","hash":"201f1f1e7e22aacadcf8050816a15a584fc9d135","modified":1609426468293},{"_id":"themes/cactus/source/lib/font-awesome/webfonts/fa-solid-900.svg","hash":"e9f30a24d1ccf44af5ba29a7c26e41af6dc92e9d","modified":1609426468309},{"_id":"public/images/apple-touch-icon.png","hash":"57e2def34682655f41a0be2d083f16765ba7858b","modified":1609427223685},{"_id":"public/images/favicon-192x192.png","hash":"96e6fcbbb13a5914a6131391e210eb7dfd13d692","modified":1609427223685},{"_id":"public/images/favicon.ico","hash":"189f9842bcb79a6f8f9e8445bc8bbd773443826b","modified":1609427223685},{"_id":"public/lib/vazir-font/Vazir-Black.woff","hash":"9e8d954c46eaad8b8234fa906e9a268ee354dced","modified":1609427223685},{"_id":"public/lib/vazir-font/Vazir-Black.woff2","hash":"f1c5d7523d21c2bf820d827c9d5df4184c3866dc","modified":1609427223685},{"_id":"public/lib/vazir-font/Vazir-Bold.woff","hash":"9376516725e502f4375e06cc4fa7d940e2c93251","modified":1609427223685},{"_id":"public/lib/vazir-font/Vazir-Bold.woff2","hash":"8d4810991aa94f958aff20a9cd381caf338e3061","modified":1609427223685},{"_id":"public/lib/vazir-font/Vazir-Light.woff","hash":"cba77d3d16f7565f9ea79bd7657f4e00c7fe851f","modified":1609427223685},{"_id":"public/lib/vazir-font/Vazir-Light.woff2","hash":"e520d5f6bf7ea3c1e4f2aef2abbbc6a6f9b697cb","modified":1609427223685},{"_id":"public/lib/vazir-font/Vazir-Medium.woff","hash":"2e8e3c873e6d98acc3c10aa84997104b276e1e68","modified":1609427223685},{"_id":"public/lib/vazir-font/Vazir-Medium.woff2","hash":"976b7aa7c2c2c049c548a25b5914cfbda74b0453","modified":1609427223685},{"_id":"public/lib/vazir-font/Vazir-Thin.woff","hash":"f231111b3c778b7a5898ea88c0f150c0e72be468","modified":1609427223685},{"_id":"public/lib/vazir-font/Vazir-Thin.woff2","hash":"baa42f95b41411b9aeaa6c7594e5ccee10d42ac4","modified":1609427223685},{"_id":"public/lib/vazir-font/Vazir.woff","hash":"c798391d624b9bb44497a87ffc4f7eb52042dceb","modified":1609427223685},{"_id":"public/lib/vazir-font/Vazir.woff2","hash":"dc3c0ed67c9abb062b562e8553776f614d2946c2","modified":1609427223685},{"_id":"public/lib/font-awesome/webfonts/fa-regular-400.eot","hash":"3ad44eb5c276d1435408f253ca78da729a1aca90","modified":1609427223685},{"_id":"public/lib/font-awesome/webfonts/fa-regular-400.ttf","hash":"114f35e6d9053caca2ef6d1e34fea3f87a59245b","modified":1609427223685},{"_id":"public/lib/font-awesome/webfonts/fa-regular-400.woff","hash":"f3f0ea4847825806062a9b7a0f629671eb6b6408","modified":1609427223685},{"_id":"public/lib/font-awesome/webfonts/fa-regular-400.woff2","hash":"830f8653e5f4a5331ac0b47c5701f65fe9f1bb32","modified":1609427223685},{"_id":"public/lib/vazir-font/Vazir-Black.eot","hash":"603acd29416644e4b4fb8646abeada1865ba6869","modified":1609427223685},{"_id":"public/lib/vazir-font/Vazir-Black.ttf","hash":"23ee4a19421de9a0ca9dddc5435a8efe5bf28d87","modified":1609427223685},{"_id":"public/lib/vazir-font/Vazir-Bold.eot","hash":"9ef82b07f3adad7d644c9c3a6d35a0c727bd64e8","modified":1609427223685},{"_id":"public/lib/vazir-font/Vazir-Bold.ttf","hash":"658c1da4f2a0124f6340058daa6873a86e6ba4fc","modified":1609427223685},{"_id":"public/lib/vazir-font/Vazir-Light.eot","hash":"32f51bf715663f5ca419e138617fc05f7055aef5","modified":1609427223685},{"_id":"public/lib/vazir-font/Vazir-Light.ttf","hash":"b2372b67b9519fb4fa8e05de6c0ddae56845ff79","modified":1609427223685},{"_id":"public/lib/vazir-font/Vazir-Medium.eot","hash":"17be9f699c30f0384004b46e991db8ac38a9992e","modified":1609427223685},{"_id":"public/lib/vazir-font/Vazir-Medium.ttf","hash":"31cdbcc7215d01c9dd2beb8a28f8b7a7de75b9f4","modified":1609427223685},{"_id":"public/lib/vazir-font/Vazir-Thin.eot","hash":"2c0ebb336dd012da8d575cae0ee4d048b65fe6e1","modified":1609427223685},{"_id":"public/lib/vazir-font/Vazir-Thin.ttf","hash":"d53fcc2e2d6c9c77613afcd34058be1b75bb0fef","modified":1609427223685},{"_id":"public/lib/vazir-font/Vazir.eot","hash":"bd3a7cb9eb70d36b4cfba8c5a05d234aefeefe3c","modified":1609427223685},{"_id":"public/lib/vazir-font/Vazir.ttf","hash":"c7a3f2f4d56c4c4ec69d395baf39b55198da0254","modified":1609427223685},{"_id":"public/lib/font-awesome/webfonts/fa-brands-400.woff","hash":"91daac2bfba5e6a1a15ce44c53eab524d01c7fb0","modified":1609427223685},{"_id":"public/lib/font-awesome/webfonts/fa-brands-400.woff2","hash":"f356aa2e4d9b7245985d312d3bfba180f774e3b7","modified":1609427223685},{"_id":"public/lib/font-awesome/webfonts/fa-solid-900.woff","hash":"61f40daca6978e6e7ab761e748c2dd9d236c7586","modified":1609427223685},{"_id":"public/lib/font-awesome/webfonts/fa-solid-900.woff2","hash":"b2c74520c3f506efbfefca867918e5ae28bd5222","modified":1609427223685},{"_id":"public/lib/font-awesome/webfonts/fa-brands-400.eot","hash":"d4987ee41e0e4142d561f76b8ea8e034c4d5d9d2","modified":1609427223685},{"_id":"public/lib/font-awesome/webfonts/fa-brands-400.ttf","hash":"f34ee061900ecd1ed3d3fd9f8f47f4e84c6d56bf","modified":1609427223685},{"_id":"public/lib/font-awesome/webfonts/fa-regular-400.svg","hash":"c850047f1833b5a03b44ab47cb630fc39fa6bc45","modified":1609427223685},{"_id":"public/css/rtl.css","hash":"9589fac02a34fd9084f805f801889028756bbb65","modified":1609427223685},{"_id":"public/js/main.js","hash":"584c5a69ac81a483a1c4377a2e2cf326c2795e7b","modified":1609427223685},{"_id":"public/js/search.js","hash":"90860ff07187cf1cf21224b05e23b5e8fcf6efef","modified":1609427223685},{"_id":"public/lib/clipboard/clipboard.min.js","hash":"ee60ca5ba9401456105ef703a98092369b579c80","modified":1609427223685},{"_id":"public/lib/vazir-font/font-face.css","hash":"2a95709b15ee45fc2328051038ceedddf83235bb","modified":1609427223685},{"_id":"public/lib/justified-gallery/css/justifiedGallery.min.css","hash":"92bb6e468a1db7fbd99ccb960e15e28572254263","modified":1609427223685},{"_id":"public/lib/font-awesome/webfonts/fa-solid-900.eot","hash":"be6b63d528286b1be2328d871c9bae95d8d57174","modified":1609427223685},{"_id":"public/lib/font-awesome/webfonts/fa-solid-900.ttf","hash":"91b40a8f284159d9fff81dc522670ef68d562682","modified":1609427223685},{"_id":"public/lib/justified-gallery/js/jquery.justifiedGallery.min.js","hash":"82ab395176c927ffbb2f7c95132ee0a06cd5d64a","modified":1609427223685},{"_id":"public/images/logo.png","hash":"0e3029251dfda26adee2761f71377297e8c26871","modified":1609427223685},{"_id":"public/lib/font-awesome/css/all.min.css","hash":"703603273f5d5d52eb456d6385e1a68294fbd568","modified":1609427223685},{"_id":"public/lib/meslo-LG/MesloLGS-BoldItalic.ttf","hash":"926035f0156cccf1b0ca507347f39bf9c510f51e","modified":1609427223685},{"_id":"public/lib/meslo-LG/MesloLGS-Italic.ttf","hash":"9d757cc9f928fc83b2133283dd639c12b11d94ad","modified":1609427223685},{"_id":"public/lib/meslo-LG/MesloLGL-Italic.ttf","hash":"9a23c6898b0943bd3d96c04df9a0f66e919451d8","modified":1609427223685},{"_id":"public/lib/meslo-LG/MesloLGM-BoldItalic.ttf","hash":"b542b9591fbf33925d93f0695b6e123a9f0cfd43","modified":1609427223685},{"_id":"public/lib/meslo-LG/MesloLGM-Italic.ttf","hash":"93ebc5098cf57a32b7b8d297681f31692c09bdfa","modified":1609427223685},{"_id":"public/lib/meslo-LG/MesloLGS-Bold.ttf","hash":"f9918fb93d6ab6850f5d38069a999c311af78816","modified":1609427223685},{"_id":"public/lib/meslo-LG/MesloLGS-Regular.ttf","hash":"de559f8d70d5b1ab2810597bfd0b1b9506f3ef01","modified":1609427223685},{"_id":"public/lib/jquery/jquery.min.js","hash":"88523924351bac0b5d560fe0c5781e2556e7693d","modified":1609427223685},{"_id":"public/lib/meslo-LG/MesloLGL-BoldItalic.ttf","hash":"b7d24ab1e4fad720f31a2b0cca1904ce1740d846","modified":1609427223685},{"_id":"public/lib/meslo-LG/MesloLGM-Bold.ttf","hash":"58be4b7760e9a84daa81929d046f9a15c4fd1c1a","modified":1609427223685},{"_id":"public/lib/meslo-LG/MesloLGM-Regular.ttf","hash":"20ce1fc7ae1254558ca044ae48283faaa58897e5","modified":1609427223685},{"_id":"public/lib/meslo-LG/MesloLGL-Regular.ttf","hash":"6c090d6bff3928fbf8a5f4104e58ed7f421aea7c","modified":1609427223685},{"_id":"public/lib/meslo-LG/MesloLGL-Bold.ttf","hash":"34f7db59f1d023294e69976aa20b7d52b86165a4","modified":1609427223685},{"_id":"public/lib/font-awesome/webfonts/fa-brands-400.svg","hash":"201f1f1e7e22aacadcf8050816a15a584fc9d135","modified":1609427223685},{"_id":"public/lib/font-awesome/webfonts/fa-solid-900.svg","hash":"e9f30a24d1ccf44af5ba29a7c26e41af6dc92e9d","modified":1609427223685}],"Category":[],"Data":[],"Page":[{"title":"about","date":"2020-12-31T15:01:49.000Z","_content":"","source":"about/index.md","raw":"---\ntitle: about\ndate: 2020-12-31 21:01:49\n---\n","updated":"2020-12-31T15:01:49.710Z","path":"about/index.html","comments":1,"layout":"page","_id":"ckjcz92my000084i32tljgz57","content":"","site":{"data":{}},"excerpt":"","more":""}],"Post":[{"title":"Hello World","_content":"Welcome to [Hexo](https://hexo.io/)! This is your very first post. Check [documentation](https://hexo.io/docs/) for more info. If you get any problems when using Hexo, you can find the answer in [troubleshooting](https://hexo.io/docs/troubleshooting.html) or you can ask me on [GitHub](https://github.com/hexojs/hexo/issues).\n\n## Quick Start\n\n### Create a new post\n\n``` bash\n$ hexo new \"My New Post\"\n```\n\nMore info: [Writing](https://hexo.io/docs/writing.html)\n\n### Run server\n\n``` bash\n$ hexo server\n```\n\nMore info: [Server](https://hexo.io/docs/server.html)\n\n### Generate static files\n\n``` bash\n$ hexo generate\n```\n\nMore info: [Generating](https://hexo.io/docs/generating.html)\n\n### Deploy to remote sites\n\n``` bash\n$ hexo deploy\n```\n\nMore info: [Deployment](https://hexo.io/docs/one-command-deployment.html)\n","source":"_posts/hello-world.md","raw":"---\ntitle: Hello World\n---\nWelcome to [Hexo](https://hexo.io/)! This is your very first post. Check [documentation](https://hexo.io/docs/) for more info. If you get any problems when using Hexo, you can find the answer in [troubleshooting](https://hexo.io/docs/troubleshooting.html) or you can ask me on [GitHub](https://github.com/hexojs/hexo/issues).\n\n## Quick Start\n\n### Create a new post\n\n``` bash\n$ hexo new \"My New Post\"\n```\n\nMore info: [Writing](https://hexo.io/docs/writing.html)\n\n### Run server\n\n``` bash\n$ hexo server\n```\n\nMore info: [Server](https://hexo.io/docs/server.html)\n\n### Generate static files\n\n``` bash\n$ hexo generate\n```\n\nMore info: [Generating](https://hexo.io/docs/generating.html)\n\n### Deploy to remote sites\n\n``` bash\n$ hexo deploy\n```\n\nMore info: [Deployment](https://hexo.io/docs/one-command-deployment.html)\n","slug":"hello-world","published":1,"date":"2020-12-31T14:57:12.767Z","updated":"2020-12-31T14:57:12.767Z","comments":1,"layout":"post","photos":[],"link":"","_id":"ckjcz92n1000184i34pbqane6","content":"<p>Welcome to <a href=\"https://hexo.io/\">Hexo</a>! This is your very first post. Check <a href=\"https://hexo.io/docs/\">documentation</a> for more info. If you get any problems when using Hexo, you can find the answer in <a href=\"https://hexo.io/docs/troubleshooting.html\">troubleshooting</a> or you can ask me on <a href=\"https://github.com/hexojs/hexo/issues\">GitHub</a>.</p>\n<h2 id=\"Quick-Start\"><a href=\"#Quick-Start\" class=\"headerlink\" title=\"Quick Start\"></a>Quick Start</h2><h3 id=\"Create-a-new-post\"><a href=\"#Create-a-new-post\" class=\"headerlink\" title=\"Create a new post\"></a>Create a new post</h3><figure class=\"highlight bash\"><table><tr><td class=\"gutter\"><pre><span class=\"line\">1</span><br></pre></td><td class=\"code\"><pre><span class=\"line\">$ hexo new <span class=\"string\">&quot;My New Post&quot;</span></span><br></pre></td></tr></table></figure>\n<p>More info: <a href=\"https://hexo.io/docs/writing.html\">Writing</a></p>\n<h3 id=\"Run-server\"><a href=\"#Run-server\" class=\"headerlink\" title=\"Run server\"></a>Run server</h3><figure class=\"highlight bash\"><table><tr><td class=\"gutter\"><pre><span class=\"line\">1</span><br></pre></td><td class=\"code\"><pre><span class=\"line\">$ hexo server</span><br></pre></td></tr></table></figure>\n<p>More info: <a href=\"https://hexo.io/docs/server.html\">Server</a></p>\n<h3 id=\"Generate-static-files\"><a href=\"#Generate-static-files\" class=\"headerlink\" title=\"Generate static files\"></a>Generate static files</h3><figure class=\"highlight bash\"><table><tr><td class=\"gutter\"><pre><span class=\"line\">1</span><br></pre></td><td class=\"code\"><pre><span class=\"line\">$ hexo generate</span><br></pre></td></tr></table></figure>\n<p>More info: <a href=\"https://hexo.io/docs/generating.html\">Generating</a></p>\n<h3 id=\"Deploy-to-remote-sites\"><a href=\"#Deploy-to-remote-sites\" class=\"headerlink\" title=\"Deploy to remote sites\"></a>Deploy to remote sites</h3><figure class=\"highlight bash\"><table><tr><td class=\"gutter\"><pre><span class=\"line\">1</span><br></pre></td><td class=\"code\"><pre><span class=\"line\">$ hexo deploy</span><br></pre></td></tr></table></figure>\n<p>More info: <a href=\"https://hexo.io/docs/one-command-deployment.html\">Deployment</a></p>\n","site":{"data":{}},"excerpt":"","more":"<p>Welcome to <a href=\"https://hexo.io/\">Hexo</a>! This is your very first post. Check <a href=\"https://hexo.io/docs/\">documentation</a> for more info. If you get any problems when using Hexo, you can find the answer in <a href=\"https://hexo.io/docs/troubleshooting.html\">troubleshooting</a> or you can ask me on <a href=\"https://github.com/hexojs/hexo/issues\">GitHub</a>.</p>\n<h2 id=\"Quick-Start\"><a href=\"#Quick-Start\" class=\"headerlink\" title=\"Quick Start\"></a>Quick Start</h2><h3 id=\"Create-a-new-post\"><a href=\"#Create-a-new-post\" class=\"headerlink\" title=\"Create a new post\"></a>Create a new post</h3><figure class=\"highlight bash\"><table><tr><td class=\"gutter\"><pre><span class=\"line\">1</span><br></pre></td><td class=\"code\"><pre><span class=\"line\">$ hexo new <span class=\"string\">&quot;My New Post&quot;</span></span><br></pre></td></tr></table></figure>\n<p>More info: <a href=\"https://hexo.io/docs/writing.html\">Writing</a></p>\n<h3 id=\"Run-server\"><a href=\"#Run-server\" class=\"headerlink\" title=\"Run server\"></a>Run server</h3><figure class=\"highlight bash\"><table><tr><td class=\"gutter\"><pre><span class=\"line\">1</span><br></pre></td><td class=\"code\"><pre><span class=\"line\">$ hexo server</span><br></pre></td></tr></table></figure>\n<p>More info: <a href=\"https://hexo.io/docs/server.html\">Server</a></p>\n<h3 id=\"Generate-static-files\"><a href=\"#Generate-static-files\" class=\"headerlink\" title=\"Generate static files\"></a>Generate static files</h3><figure class=\"highlight bash\"><table><tr><td class=\"gutter\"><pre><span class=\"line\">1</span><br></pre></td><td class=\"code\"><pre><span class=\"line\">$ hexo generate</span><br></pre></td></tr></table></figure>\n<p>More info: <a href=\"https://hexo.io/docs/generating.html\">Generating</a></p>\n<h3 id=\"Deploy-to-remote-sites\"><a href=\"#Deploy-to-remote-sites\" class=\"headerlink\" title=\"Deploy to remote sites\"></a>Deploy to remote sites</h3><figure class=\"highlight bash\"><table><tr><td class=\"gutter\"><pre><span class=\"line\">1</span><br></pre></td><td class=\"code\"><pre><span class=\"line\">$ hexo deploy</span><br></pre></td></tr></table></figure>\n<p>More info: <a href=\"https://hexo.io/docs/one-command-deployment.html\">Deployment</a></p>\n"}],"PostAsset":[],"PostCategory":[],"PostTag":[],"Tag":[]}}